category1,Cross Country Race,Cyclocross,Elite Road,Endurance Road,Fat Bike,Over Mountain,Sport,Trail,Triathalon
Mountain,4764.567206192822,,,,2767.8006872852234,4949.16880891174,911.7852975495916,3401.483870967742,
Road,,2338.436090225564,3148.723988439306,3008.7111801242236,,,,,3523.1791907514453
