category1,Aluminum,Carbon
Mountain,1907.0372040586246,5587.392877017251
Road,1952.2928942807625,3763.1424909207435
